Species,Year,Stock_SMART_Total_Catch_mt,Comlandr_Landings_mt,Comlandr_Discards_mt,Comlandr_Total_Com_mt,Difference_mt,Percent_Diff
Atlantic Cod,1985,57962,100612.1,2176,102788,-44826,-77.3
Atlantic Cod,1986,42052,84360.6,2111.4,86472,-44420,-105.6
Atlantic Cod,1987,47702,88170,2229.6,90399.6,-42697.6,-89.5
Atlantic Cod,1988,57976,99815.2,2240.5,102055.8,-44079.8,-76
Atlantic Cod,1989,50593,91267.5,3930.6,95198.1,-44605.1,-88.2
Atlantic Cod,1990,65707,119680.9,4847.8,124528.7,-58821.7,-89.5
Atlantic Cod,1991,61075,124254.3,2598,126852.3,-65777.3,-107.7
Atlantic Cod,1992,43295,103452.7,3920,107372.7,-64077.7,-148
Atlantic Cod,1993,36691,72116.7,1641,73757.7,-37066.7,-101
Atlantic Cod,1994,25767,54587.9,1296.6,55884.6,-30117.6,-116.9
Atlantic Cod,1995,18578,33589.2,559.5,34148.7,-15570.7,-83.8
Atlantic Cod,1996,17779,39398.9,528.2,39927.1,-22148.1,-124.6
Atlantic Cod,1997,19241,41905.9,899.9,42805.8,-23564.8,-122.5
Atlantic Cod,1998,14806,31495.1,526.4,32021.5,-17215.5,-116.3
Atlantic Cod,1999,14648,25970.5,4938,30908.5,-16260.5,-111
Atlantic Cod,2000,16680,26030.2,4538,30568.2,-13888.2,-83.3
Atlantic Cod,2001,22057,30763.2,5597.6,36360.8,-14303.8,-64.8
Atlantic Cod,2002,18648,27430.6,6347.8,33778.4,-15130.4,-81.1
Atlantic Cod,2003,15584,21922.5,3677.3,25599.8,-10015.8,-64.3
Atlantic Cod,2004,12132,19530.5,5523.5,25054,-12922,-106.5
Atlantic Cod,2005,11440,15800.5,2259.4,18059.9,-6619.9,-57.9
Atlantic Cod,2006,8685,15318.8,2287.5,17606.3,-8921.3,-102.7
Atlantic Cod,2007,11671,17523.1,4030.2,21553.2,-9882.2,-84.7
Atlantic Cod,2008,13608,16968.7,4036.3,21005,-7397,-54.4
Atlantic Cod,2009,14229,15213.5,3534.6,18748.1,-4519.1,-31.8
Atlantic Cod,2010,13105,15454.1,1756.7,17210.9,-4105.9,-31.3
Atlantic Cod,2011,11666,12275.4,1824.2,14099.5,-2433.5,-20.9
Atlantic Cod,2012,6413,8168.4,1435.1,9603.5,-3190.5,-49.8
Atlantic Cod,2013,4126,2262.3,1561.2,3823.4,302.6,7.3
Atlantic Cod,2014,3601,5549.8,498.3,6048.1,-2447.1,-68
Atlantic Cod,2015,2258,3891.2,515.4,4406.6,-2148.6,-95.2
Atlantic Cod,2016,3077,3729.4,194.4,3923.8,-846.8,-27.5
Atlantic Cod,2017,2454,3370.4,129.9,3500.3,-1046.3,-42.6
Atlantic Cod,2018,1432,3110,133.3,3243.3,-1811.3,-126.5
Atlantic Cod,2019,1445,2767.5,68.2,2835.7,-1390.7,-96.2
Atlantic Cod,2020,676,742.1,188.9,931,-255,-37.7
Atlantic Cod,2021,NA,601.5,68.8,670.3,NA,NA
Atlantic Cod,2022,NA,496.7,118.1,614.8,NA,NA
Atlantic Cod,2023,NA,499.9,121,620.9,NA,NA
Atlantic Cod,2024,NA,649.5,194.4,843.9,NA,NA
Atlantic Cod,2025,NA,377.4,124.1,501.5,NA,NA
Barndoor Skate,1985,NA,0,5359.7,5359.7,NA,NA
Barndoor Skate,1986,NA,0,4904,4904,NA,NA
Barndoor Skate,1987,NA,0,4967.9,4967.9,NA,NA
Barndoor Skate,1988,NA,0,5084.6,5084.6,NA,NA
Barndoor Skate,1989,NA,0,4566.1,4566.1,NA,NA
Barndoor Skate,1990,NA,0,2248.1,2248.1,NA,NA
Barndoor Skate,1991,NA,0,5356,5356,NA,NA
Barndoor Skate,1992,NA,0,5575.1,5575.1,NA,NA
Barndoor Skate,1993,NA,0,3159,3159,NA,NA
Barndoor Skate,1994,719,0,1470.6,1470.6,-751.6,-104.5
Barndoor Skate,1995,237,0,238.2,238.2,-1.2,-0.5
Barndoor Skate,1996,269,0,288.7,288.7,-19.7,-7.3
Barndoor Skate,1997,421,0,238.8,238.8,182.2,43.3
Barndoor Skate,1998,266,0,2977.8,2977.8,-2711.8,-1019.5
Barndoor Skate,1999,801,2.1,340.5,342.6,458.4,57.2
Barndoor Skate,2000,1097,0,448.8,448.8,648.2,59.1
Barndoor Skate,2001,2386,0,292.9,292.9,2093.1,87.7
Barndoor Skate,2002,1752,0.1,407.9,408,1344,76.7
Barndoor Skate,2003,1721,0,1004.3,1004.3,716.7,41.6
Barndoor Skate,2004,1224,0.5,696.5,696.9,527.1,43.1
Barndoor Skate,2005,2761,5.6,3624.9,3630.5,-869.5,-31.5
Barndoor Skate,2006,3859,2.2,2923.9,2926,933,24.2
Barndoor Skate,2007,3040,1.1,3835.3,3836.4,-796.4,-26.2
Barndoor Skate,2008,2487,0,2262.9,2262.9,224.1,9
Barndoor Skate,2009,1548,0,3316.6,3316.6,-1768.6,-114.3
Barndoor Skate,2010,2000,0.1,8747.3,8747.3,-6747.3,-337.4
Barndoor Skate,2011,2829,0,6602.5,6602.5,-3773.5,-133.4
Barndoor Skate,2012,2604,1.6,7330,7331.6,-4727.6,-181.6
Barndoor Skate,2013,2849,3.5,3414,3417.5,-568.5,-20
Barndoor Skate,2014,4045,5.1,4149.6,4154.7,-109.7,-2.7
Barndoor Skate,2015,1860,67.7,4386.8,4454.5,-2594.5,-139.5
Barndoor Skate,2016,1574,33.7,4861.8,4895.5,-3321.5,-211
Barndoor Skate,2017,1433,0,3989.5,3989.5,-2556.5,-178.4
Barndoor Skate,2018,1610,7.4,3878.3,3885.7,-2275.7,-141.3
Barndoor Skate,2019,1399,219.2,3355.2,3574.4,-2175.4,-155.5
Barndoor Skate,2020,3226,179.5,2942,3121.4,104.6,3.2
Barndoor Skate,2021,2901,200.3,3790.6,3990.9,-1089.9,-37.6
Barndoor Skate,2022,2006,148.2,2020.3,2168.4,-162.4,-8.1
Barndoor Skate,2023,NA,223.5,1983.6,2207.1,NA,NA
Barndoor Skate,2024,NA,213.6,1194.6,1408.2,NA,NA
Barndoor Skate,2025,NA,297.4,1538.4,1835.8,NA,NA
Black Sea Bass,1985,NA,1074.8,3560.3,4635.1,NA,NA
Black Sea Bass,1986,NA,1508.5,3789.5,5297.9,NA,NA
Black Sea Bass,1987,NA,1635.3,3945,5580.3,NA,NA
Black Sea Bass,1988,NA,1424.1,4302.1,5726.2,NA,NA
Black Sea Bass,1989,NA,1104.5,7233.2,8337.7,NA,NA
Black Sea Bass,1990,NA,1401.6,8710.5,10112.1,NA,NA
Black Sea Bass,1991,NA,1189.6,350.4,1540,NA,NA
Black Sea Bass,1992,NA,1264.3,7254,8518.3,NA,NA
Black Sea Bass,1993,NA,1352.6,9938.2,11290.8,NA,NA
Black Sea Bass,1994,NA,848.3,9007.5,9855.8,NA,NA
Black Sea Bass,1995,NA,889.1,9410.4,10299.4,NA,NA
Black Sea Bass,1996,NA,1450.1,9416.6,10866.7,NA,NA
Black Sea Bass,1997,NA,1202.4,10078.7,11281.2,NA,NA
Black Sea Bass,1998,NA,1182.7,9875.2,11057.9,NA,NA
Black Sea Bass,1999,NA,1335.9,104.5,1440.3,NA,NA
Black Sea Bass,2000,NA,1231.4,152.4,1383.8,NA,NA
Black Sea Bass,2001,NA,1331,11191,12522,NA,NA
Black Sea Bass,2002,NA,1613.4,38.2,1651.6,NA,NA
Black Sea Bass,2003,NA,1374,2478.6,3852.6,NA,NA
Black Sea Bass,2004,NA,1406.5,214506.2,215912.8,NA,NA
Black Sea Bass,2005,NA,1310.2,142.9,1453.1,NA,NA
Black Sea Bass,2006,NA,1285.4,6992.4,8277.8,NA,NA
Black Sea Bass,2007,NA,1036.9,351.4,1388.3,NA,NA
Black Sea Bass,2008,NA,875.6,345.9,1221.5,NA,NA
Black Sea Bass,2009,NA,533.3,8271.9,8805.2,NA,NA
Black Sea Bass,2010,NA,760.2,9587.4,10347.5,NA,NA
Black Sea Bass,2011,NA,766,14109.3,14875.4,NA,NA
Black Sea Bass,2012,NA,782.1,189.8,971.8,NA,NA
Black Sea Bass,2013,NA,1027,350.1,1377.1,NA,NA
Black Sea Bass,2014,5653,1089.1,1958.8,3047.8,2605.2,46.1
Black Sea Bass,2015,6444,1117.7,987.3,2105,4339,67.3
Black Sea Bass,2016,8494,1174.2,1754.2,2928.4,5565.6,65.5
Black Sea Bass,2017,9355,1808,2002.3,3810.3,5544.7,59.3
Black Sea Bass,2018,6739,1549.6,1064.1,2613.7,4125.3,61.2
Black Sea Bass,2019,7724,1603.2,944.3,2547.5,5176.5,67
Black Sea Bass,2020,7790,1917.3,573.6,2490.9,5299.1,68
Black Sea Bass,2021,9518,2183.5,1311.6,3495.1,6022.9,63.3
Black Sea Bass,2022,8442,2443.4,1127.6,3571,4871,57.7
Black Sea Bass,2023,7683,2119,903,3022,4661,60.7
Black Sea Bass,2024,NA,2397.6,1286.2,3683.8,NA,NA
Black Sea Bass,2025,NA,2218.6,383,2601.5,NA,NA
Bluefish,1985,54922.8,2112.4,704.6,2817,52105.9,94.9
Bluefish,1986,83737.4,3481.4,670.2,4151.5,79585.9,95
Bluefish,1987,72749.8,2852.8,708,3560.8,69189,95.1
Bluefish,1988,44542.1,2422,718.3,3140.4,41401.7,92.9
Bluefish,1989,42511.1,2714,3321.3,6035.3,36475.8,85.8
Bluefish,1990,39810.9,3684.6,4713,8397.5,31413.4,78.9
Bluefish,1991,35505.6,3709.2,5036.2,8745.4,26760.2,75.4
Bluefish,1992,29547.6,3423,1009.5,4432.5,25115.1,85
Bluefish,1993,23616.8,3039.3,802,3841.3,19775.5,83.7
Bluefish,1994,21783.1,3071.4,2353.6,5425,16358.1,75.1
Bluefish,1995,19607,2034,708.8,2742.8,16864.2,86
Bluefish,1996,17895.1,2654.5,894.2,3548.7,14346.4,80.2
Bluefish,1997,20444.1,3291.5,288.9,3580.4,16863.7,82.5
Bluefish,1998,22223.8,3147.5,526.4,3673.9,18549.9,83.5
Bluefish,1999,20971.9,2950,488.5,3438.5,17533.4,83.6
Bluefish,2000,21173.5,3401.9,384,3785.9,17387.6,82.1
Bluefish,2001,26369.7,3651.2,443.6,4094.8,22274.9,84.5
Bluefish,2002,21638.5,2917.6,486.4,3404,18234.5,84.3
Bluefish,2003,20556.2,3060.3,138.1,3198.3,17357.9,84.4
Bluefish,2004,26050,3422.6,1206.1,4628.7,21421.3,82.2
Bluefish,2005,25238.6,2974.9,262.8,3237.7,22000.9,87.2
Bluefish,2006,26008.7,2875.7,169.7,3045.4,22963.3,88.3
Bluefish,2007,27614.1,3183,362.9,3545.9,24068.2,87.2
Bluefish,2008,25590.8,2598.1,156,2754.2,22836.6,89.2
Bluefish,2009,26258.5,2938.7,495.9,3434.6,22823.9,86.9
Bluefish,2010,31044,3023.4,325.2,3348.6,27695.4,89.2
Bluefish,2011,22069.4,2305.4,227.9,2533.4,19536,88.5
Bluefish,2012,20350,2112.5,203.1,2315.6,18034.4,88.6
Bluefish,2013,20194,1870.3,124.5,1994.8,18199.2,90.1
Bluefish,2014,17473.3,2164.4,139.3,2303.7,15169.6,86.8
Bluefish,2015,19345.3,1825.6,128.3,1953.9,17391.4,89.9
Bluefish,2016,14430.9,1849.6,197.2,2046.8,12384.1,85.8
Bluefish,2017,19296.8,1762.6,125.1,1887.7,17409.1,90.2
Bluefish,2018,8548.4,999.6,131.9,1131.4,7417,86.8
Bluefish,2019,9870.7,1265.6,101.5,1367,8503.7,86.2
Bluefish,2020,8294.4,1013.6,82.7,1096.3,7198.1,86.8
Bluefish,2021,7963.2,1039.8,87.4,1127.2,6836,85.8
Bluefish,2022,7435.6,1026.3,121,1147.4,6288.2,84.6
Bluefish,2023,NA,1283,126.5,1409.5,NA,NA
Bluefish,2024,NA,901.1,65.9,967,NA,NA
Bluefish,2025,NA,810.9,70.1,880.9,NA,NA
Butterfish,1985,NA,4208.4,7746,11954.4,NA,NA
Butterfish,1986,NA,4512.2,7313.9,11826.1,NA,NA
Butterfish,1987,NA,4507.7,6935.5,11443.2,NA,NA
Butterfish,1988,NA,2004.9,7055.6,9060.5,NA,NA
Butterfish,1989,4635,3205.2,11847.2,15052.4,-10417.4,-224.8
Butterfish,1990,3414,2302.4,5145.8,7448.2,-4034.2,-118.2
Butterfish,1991,4496,2188.9,16238.7,18427.6,-13931.6,-309.9
Butterfish,1992,7671,2754.3,12463.9,15218.2,-7547.2,-98.4
Butterfish,1993,9978,4608.2,33451.2,38059.4,-28081.4,-281.4
Butterfish,1994,8315,3634.5,21694.2,25328.7,-17013.7,-204.6
Butterfish,1995,3678,2066.9,3079.9,5146.7,-1468.7,-39.9
Butterfish,1996,4949,3554.6,3270.2,6824.8,-1875.8,-37.9
Butterfish,1997,3582,2794.5,3740.2,6534.7,-2952.7,-82.4
Butterfish,1998,6468,1966,5178.9,7145,-677,-10.5
Butterfish,1999,12288,2110.1,18433.3,20543.4,-8255.4,-67.2
Butterfish,2000,5024,1449.1,8524.6,9973.7,-4949.7,-98.5
Butterfish,2001,7713,4404,4376.3,8780.3,-1067.3,-13.8
Butterfish,2002,3808,872,2587.6,3459.6,348.4,9.1
Butterfish,2003,3152,535.9,3493.4,4029.3,-877.3,-27.8
Butterfish,2004,2027,519.9,2611,3130.9,-1103.9,-54.5
Butterfish,2005,1218,437.1,1006.3,1443.4,-225.4,-18.5
Butterfish,2006,1447,553.9,1771,2324.8,-877.8,-60.7
Butterfish,2007,883,677.9,828.4,1506.3,-623.3,-70.6
Butterfish,2008,1428,451.4,2724.1,3175.5,-1747.5,-122.4
Butterfish,2009,1285,434.5,1691.9,2126.5,-841.5,-65.5
Butterfish,2010,1317,575.6,3949.2,4524.8,-3207.8,-243.6
Butterfish,2011,2146,663.6,2342.5,3006.1,-860.1,-40.1
Butterfish,2012,1636,639.6,2178.8,2818.3,-1182.3,-72.3
Butterfish,2013,1532,1091.1,1302,2393.1,-861.1,-56.2
Butterfish,2014,4189,3135,2327.7,5462.7,-1273.7,-30.4
Butterfish,2015,2934,2103.6,2617.6,4721.2,-1787.2,-60.9
Butterfish,2016,2731,1193.7,2664.5,3858.2,-1127.2,-41.3
Butterfish,2017,4629,3680.9,1855.8,5536.8,-907.8,-19.6
Butterfish,2018,3061,1673.3,3462.9,5136.2,-2075.2,-67.8
Butterfish,2019,5085,3430.9,2983.5,6414.4,-1329.4,-26.1
Butterfish,2020,4977,2509.3,5820.4,8329.7,-3352.7,-67.4
Butterfish,2021,3321,1554.8,4998.5,6553.4,-3232.4,-97.3
Butterfish,2022,4486,717.7,9437.5,10155.2,-5669.2,-126.4
Butterfish,2023,4410,1833.3,4568.4,6401.7,-1991.7,-45.2
Butterfish,2024,NA,1751,3839.9,5590.9,NA,NA
Butterfish,2025,NA,1520.6,2127.8,3648.4,NA,NA
Clearnose Skate,1985,922,0,1908.3,1908.3,-986.3,-107
Clearnose Skate,1986,4774,0,1713.2,1713.2,3060.8,64.1
Clearnose Skate,1987,3258,0,1555.8,1555.8,1702.2,52.2
Clearnose Skate,1988,917,0,1587,1587,-670,-73.1
Clearnose Skate,1989,1755,0,1440.7,1440.7,314.3,17.9
Clearnose Skate,1990,4325,0,1686.5,1686.5,2638.5,61
Clearnose Skate,1991,5137,0,1780.6,1780.6,3356.4,65.3
Clearnose Skate,1992,3679,0,1721.2,1721.2,1957.8,53.2
Clearnose Skate,1993,984,0,1490,1490,-506,-51.4
Clearnose Skate,1994,6094,0,1216.3,1216.3,4877.7,80
Clearnose Skate,1995,2598,0,5930.6,5930.6,-3332.6,-128.3
Clearnose Skate,1996,2987,0,3509.2,3509.2,-522.2,-17.5
Clearnose Skate,1997,2249,0,912.7,912.7,1336.3,59.4
Clearnose Skate,1998,1411,0,1155.2,1155.2,255.8,18.1
Clearnose Skate,1999,1571,0,1794,1794,-223,-14.2
Clearnose Skate,2000,2333,0,2617.2,2617.2,-284.2,-12.2
Clearnose Skate,2001,2914,0,801.3,801.3,2112.7,72.5
Clearnose Skate,2002,2648,0,1478,1478,1170,44.2
Clearnose Skate,2003,1992,0,3868.9,3868.9,-1876.9,-94.2
Clearnose Skate,2004,2055,20.1,432.1,452.1,1602.9,78
Clearnose Skate,2005,1925,33.3,244.5,277.8,1647.2,85.6
Clearnose Skate,2006,2084,189.6,2794.9,2984.5,-900.5,-43.2
Clearnose Skate,2007,3053,176.1,1002.2,1178.3,1874.7,61.4
Clearnose Skate,2008,2184,100.3,834.2,934.5,1249.5,57.2
Clearnose Skate,2009,2796,159.3,1264.5,1423.8,1372.2,49.1
Clearnose Skate,2010,1834,85.9,699.4,785.4,1048.6,57.2
Clearnose Skate,2011,2328,131.9,905.9,1037.7,1290.3,55.4
Clearnose Skate,2012,2440,124.3,725.6,849.9,1590.1,65.2
Clearnose Skate,2013,2936,90.1,937.3,1027.4,1908.6,65
Clearnose Skate,2014,1518,60.1,1610.7,1670.7,-152.7,-10.1
Clearnose Skate,2015,3724,84.8,526,610.8,3113.2,83.6
Clearnose Skate,2016,1810,101.5,867.1,968.6,841.4,46.5
Clearnose Skate,2017,1183,24.3,475.8,500.1,682.9,57.7
Clearnose Skate,2018,1165,31.5,288.5,320,845,72.5
Clearnose Skate,2019,1855,13.1,590.8,603.9,1251.1,67.4
Clearnose Skate,2020,2272,50.4,697.6,747.9,1524.1,67.1
Clearnose Skate,2021,961,27.5,466.7,494.3,466.7,48.6
Clearnose Skate,2022,1871,25.2,578.5,603.7,1267.3,67.7
Clearnose Skate,2023,NA,16.3,1146.3,1162.6,NA,NA
Clearnose Skate,2024,NA,14.2,679.8,694,NA,NA
Clearnose Skate,2025,NA,14.8,472.7,487.5,NA,NA
Cobia,1985,1255.7,0.6,3.4,4,1251.7,99.7
Cobia,1986,1687.5,0.2,3.4,3.5,1683.9,99.8
Cobia,1987,1332.3,0.1,3.8,4,1328.4,99.7
Cobia,1988,1627.6,0.1,3.8,3.9,1623.6,99.8
Cobia,1989,1577.4,5.1,4.1,9.2,1568.3,99.4
Cobia,1990,1716.6,8.5,4.6,13.2,1703.4,99.2
Cobia,1991,1411.8,6.8,4.6,11.4,1400.3,99.2
Cobia,1992,2250.4,4.2,4.9,9.1,2241.4,99.6
Cobia,1993,1687.7,3.3,0.9,4.3,1683.5,99.7
Cobia,1994,2060.8,3.9,0.7,4.6,2056.2,99.8
Cobia,1995,1556.9,11.3,5.4,16.7,1540.2,98.9
Cobia,1996,2485.1,10.9,13.4,24.3,2460.8,99
Cobia,1997,2608.5,14.7,0.7,15.4,2593.1,99.4
Cobia,1998,1857.5,12.5,1.7,14.3,1843.3,99.2
Cobia,1999,2439.2,5.7,3.8,9.5,2429.6,99.6
Cobia,2000,1763.5,10.9,3.2,14.1,1749.4,99.2
Cobia,2001,2203.2,10.9,3.2,14.1,2189.2,99.4
Cobia,2002,1683.2,11.8,3,14.8,1668.4,99.1
Cobia,2003,1912.3,7.9,1.9,9.8,1902.6,99.5
Cobia,2004,1806.3,7.4,3.2,10.6,1795.7,99.4
Cobia,2005,1288.2,6.5,3,9.4,1278.7,99.3
Cobia,2006,1815.4,8.2,2.3,10.5,1804.9,99.4
Cobia,2007,2073.7,9,2.8,11.8,2061.9,99.4
Cobia,2008,1576.8,9.9,1.9,11.8,1565,99.2
Cobia,2009,1296.1,13.9,2,15.9,1280.2,98.8
Cobia,2010,1974.5,15.2,2.3,17.4,1957.1,99.1
Cobia,2011,2453,8.7,2.8,11.5,2441.5,99.5
Cobia,2012,1760.3,13.3,2.8,16.1,1744.2,99.1
Cobia,2013,1618.2,16.8,1.9,18.6,1599.6,98.8
Cobia,2014,2113.3,24.3,2.4,26.6,2086.7,98.7
Cobia,2015,1705.6,31.5,2.2,33.7,1671.9,98
Cobia,2016,1859.1,34.3,1.8,36.1,1823,98.1
Cobia,2017,1329.9,26.6,1.6,28.1,1301.8,97.9
Cobia,2018,1868.2,20.8,1.6,22.4,1845.7,98.8
Cobia,2019,NA,25.8,1.7,27.5,NA,NA
Cobia,2020,NA,34.4,1.6,36,NA,NA
Cobia,2021,NA,29.5,1.3,30.7,NA,NA
Cobia,2022,NA,34.3,1.3,35.6,NA,NA
Cobia,2023,NA,28.2,1.2,29.4,NA,NA
Cobia,2024,NA,29.5,1.1,30.6,NA,NA
Cobia,2025,NA,18.9,1,19.9,NA,NA
Goosefish,1985,NA,12141.5,4332.7,16474.1,NA,NA
Goosefish,1986,NA,10068.8,4064.2,14133,NA,NA
Goosefish,1987,NA,10946.3,4275.7,15222,NA,NA
Goosefish,1988,NA,11938.5,4375.6,16314.1,NA,NA
Goosefish,1989,18457,17507.9,2144.4,19652.3,-1195.3,-6.5
Goosefish,1990,13420,16856,2404.5,19260.4,-5840.4,-43.5
Goosefish,1991,16270,18191.3,763,18954.3,-2684.3,-16.5
Goosefish,1992,22153,22713.5,2040.2,24753.7,-2600.7,-11.7
Goosefish,1993,27262,27554.1,1529.1,29083.2,-1821.2,-6.7
Goosefish,1994,24988,26333.6,3005.6,29339.2,-4351.2,-17.4
Goosefish,1995,30346,29037.6,4867.7,33905.4,-3559.4,-11.7
Goosefish,1996,30315,29016.7,1867.7,30884.4,-569.4,-1.9
Goosefish,1997,30503,31043.9,2547.1,33591,-3088,-10.1
Goosefish,1998,28480,28497.6,1768.6,30266.2,-1786.2,-6.3
Goosefish,1999,27722,27141.1,1664.4,28805.5,-1083.5,-3.9
Goosefish,2000,23446,23029.9,2892.8,25922.7,-2476.7,-10.6
Goosefish,2001,35575,25410.9,8586.5,33997.4,1577.6,4.4
Goosefish,2002,26735,25283.8,4000.5,29284.3,-2549.3,-9.5
Goosefish,2003,30080,28563,6374.4,34937.3,-4857.3,-16.1
Goosefish,2004,24201,23542.2,4533.4,28075.6,-3874.6,-16
Goosefish,2005,21862,21309.4,4321.2,25630.6,-3768.6,-17.2
Goosefish,2006,16842,15807.4,3636.6,19444.1,-2602.1,-15.4
Goosefish,2007,14746,12541.9,3366.3,15908.2,-1162.2,-7.9
Goosefish,2008,12721,11490.7,2818.4,14309.1,-1588.1,-12.5
Goosefish,2009,10176,9035.9,2047.5,11083.4,-907.4,-8.9
Goosefish,2010,9023,7557.7,2315.8,9873.4,-850.4,-9.4
Goosefish,2011,10535,8908.8,2713.3,11622.2,-1087.2,-10.3
Goosefish,2012,12210,10089.3,3591.4,13680.8,-1470.8,-12
Goosefish,2013,10393,8585.7,1161.5,9747.1,645.9,6.2
Goosefish,2014,10205,8672.6,1727.6,10400.1,-195.1,-1.9
Goosefish,2015,10126,8712.9,2116.6,10829.5,-703.5,-6.9
Goosefish,2016,11902,9138.4,3419.2,12557.6,-655.6,-5.5
Goosefish,2017,15284,11048.7,3507.2,14555.9,728.1,4.8
Goosefish,2018,15126,10580.7,2856.2,13436.9,1689.1,11.2
Goosefish,2019,14895,10633.3,3317,13950.3,944.7,6.3
Goosefish,2020,11197,8151.9,4205.8,12357.8,-1160.8,-10.4
Goosefish,2021,10269,6997.8,1673.4,8671.2,1597.8,15.6
Goosefish,2022,NA,6715.3,1736.5,8451.9,NA,NA
Goosefish,2023,NA,7047.1,2478.9,9526,NA,NA
Goosefish,2024,NA,5958,1264.2,7222.2,NA,NA
Goosefish,2025,NA,6096.1,1152,7248.1,NA,NA
Haddock,1985,11026.2,45717.5,3360.3,49077.8,-38051.6,-345.1
Haddock,1986,8787.6,42840.6,3078.8,45919.4,-37131.8,-422.5
Haddock,1987,7904.9,39968.9,3002.7,42971.6,-35066.7,-443.6
Haddock,1988,7133.2,37382,3070.9,40452.9,-33319.7,-467.1
Haddock,1989,5217.9,21449.7,362.4,21812.1,-16594.2,-318
Haddock,1990,6042.8,24193.1,1506.9,25700,-19657.2,-325.3
Haddock,1991,7443.4,32154.6,52.3,32206.9,-24763.5,-332.7
Haddock,1992,6565.4,31502.5,182.4,31684.9,-25119.5,-382.6
Haddock,1993,4874.7,22273.8,1840.2,24113.9,-19239.2,-394.7
Haddock,1994,5012.7,13990.8,39932.6,53923.4,-48910.7,-975.7
Haddock,1995,2890.4,15873.7,199.2,16072.9,-13182.5,-456.1
Haddock,1996,4470.6,20382.3,223.9,20606.2,-16135.6,-360.9
Haddock,1997,4897.7,20072,566.2,20638.1,-15740.4,-321.4
Haddock,1998,6650.8,25375.6,2245.2,27620.7,-20969.9,-315.3
Haddock,1999,6958.2,23751.2,133.2,23884.5,-16926.3,-243.3
Haddock,2000,9822.9,28724.1,336.4,29060.5,-19237.6,-195.8
Haddock,2001,12993.9,36342.6,257,36599.6,-23605.7,-181.7
Haddock,2002,14534.6,36539,425.7,36964.7,-22430.1,-154.3
Haddock,2003,14200.4,24129.9,292.2,24422.1,-10221.7,-72
Haddock,2004,19666.8,40848.6,1958.8,42807.4,-23140.6,-117.7
Haddock,2005,23548.2,47825.4,2302.2,50127.6,-26579.4,-112.9
Haddock,2006,17107.7,36712.3,5680.8,42393.1,-25285.4,-147.8
Haddock,2007,18694.2,41139.5,4632.9,45772.4,-27078.2,-144.8
Haddock,2008,22571,17135.9,1719.5,18855.4,3715.6,16.5
Haddock,2009,24474.7,16783.6,460.2,17243.8,7230.9,29.5
Haddock,2010,27197.9,54343,443.5,54786.5,-27588.6,-101.4
Haddock,2011,17595.9,35640.7,642.7,36283.5,-18687.6,-106.2
Haddock,2012,7994.7,20260.6,793.4,21054,-13059.3,-163.3
Haddock,2013,8105,1870.5,767.6,2638.2,5466.8,67.4
Haddock,2014,20010.9,35892,2999.4,38891.4,-18880.5,-94.4
Haddock,2015,22199.4,40198.7,4492.4,44691,-22491.6,-101.3
Haddock,2016,20680.3,35669.6,4446.1,40115.7,-19435.4,-94
Haddock,2017,22281.1,42260.5,2472,44732.4,-22451.3,-100.8
Haddock,2018,20356.9,40516.9,1461.1,41978,-21621.1,-106.2
Haddock,2019,24261.1,46762.1,1032.5,47794.6,-23533.5,-97
Haddock,2020,22736.3,10195.3,804.2,10999.5,11736.8,51.6
Haddock,2021,15293.4,7331.7,134.9,7466.7,7826.7,51.2
Haddock,2022,NA,5022.5,190.1,5212.6,NA,NA
Haddock,2023,NA,4797.3,602.8,5400.1,NA,NA
Haddock,2024,NA,3281.5,275.4,3556.9,NA,NA
Haddock,2025,NA,2596,340.4,2936.4,NA,NA
Little Skate,1985,9200,120.7,25174.5,25295.2,-16095.2,-174.9
Little Skate,1986,5876,384.9,22313.5,22698.5,-16822.5,-286.3
Little Skate,1987,11907,413.1,22041.7,22454.9,-10547.9,-88.6
Little Skate,1988,12208,470.1,22909.4,23379.5,-11171.5,-91.5
Little Skate,1989,14912,2588.5,19442.9,22031.3,-7119.3,-47.7
Little Skate,1990,15915,4850.6,21396,26246.6,-10331.6,-64.9
Little Skate,1991,12224,5162.8,34122,39284.8,-27060.8,-221.4
Little Skate,1992,14527,5537.1,23323.5,28860.5,-14333.5,-98.7
Little Skate,1993,17141,7197.6,8727.9,15925.5,1215.5,7.1
Little Skate,1994,12235,3192,84895,88087,-75852,-620
Little Skate,1995,17360,3256.5,41342.2,44598.6,-27238.6,-156.9
Little Skate,1996,17362,6355.7,13573.9,19929.6,-2567.6,-14.8
Little Skate,1997,12446,6690.3,12303.6,18993.9,-6547.9,-52.6
Little Skate,1998,14545,7518.3,18180.4,25698.6,-11153.6,-76.7
Little Skate,1999,14007,5786.5,6435.8,12222.3,1784.7,12.7
Little Skate,2000,14951,6924.4,13375,20299.4,-5348.4,-35.8
Little Skate,2001,10264,6279.4,15391.3,21670.7,-11406.7,-111.1
Little Skate,2002,12631,5835.2,20663.9,26499.2,-13868.2,-109.8
Little Skate,2003,15188,7109.5,23923.2,31032.6,-15844.6,-104.3
Little Skate,2004,10340,6011.5,19585.8,25597.4,-15257.4,-147.6
Little Skate,2005,11545,6771.3,34888.1,41659.4,-30114.4,-260.8
Little Skate,2006,9480,7040,34701.2,41741.2,-32261.2,-340.3
Little Skate,2007,12129,7890.5,22149.4,30039.9,-17910.9,-147.7
Little Skate,2008,10393,8645.5,28395.6,37041.1,-26648.1,-256.4
Little Skate,2009,10976,7672.4,18809.8,26482.2,-15506.2,-141.3
Little Skate,2010,10287,8181.9,28594.9,36776.8,-26489.8,-257.5
Little Skate,2011,9068,7067.5,19111.6,26179,-17111,-188.7
Little Skate,2012,9427,7937,19570.7,27507.6,-18080.6,-191.8
Little Skate,2013,9834,7478.4,10815.2,18293.5,-8459.5,-86
Little Skate,2014,11225,5836.6,17165,23001.6,-11776.6,-104.9
Little Skate,2015,9353,4277.1,23493.4,27770.5,-18417.5,-196.9
Little Skate,2016,11292,5845.3,12497.4,18342.7,-7050.7,-62.4
Little Skate,2017,9698,4744.7,7668.3,12413,-2715,-28
Little Skate,2018,8902,5518.5,5149.9,10668.3,-1766.3,-19.8
Little Skate,2019,6125,4103.2,7451.6,11554.7,-5429.7,-88.6
Little Skate,2020,5387,2852.2,3120.5,5972.7,-585.7,-10.9
Little Skate,2021,5250,3090.6,4791.6,7882.2,-2632.2,-50.1
Little Skate,2022,4946,3365.4,5889.6,9255,-4309,-87.1
Little Skate,2023,NA,2946.6,3691.2,6637.8,NA,NA
Little Skate,2024,NA,2979.3,3546.6,6525.9,NA,NA
Little Skate,2025,NA,2970.2,2164.6,5134.8,NA,NA
Ocean Pout,1985,4665,1504,1083.1,2587.1,2077.9,44.5
Ocean Pout,1986,4098,802.4,1010.3,1812.7,2285.3,55.8
Ocean Pout,1987,4809,2185.4,951.5,3136.8,1672.2,34.8
Ocean Pout,1988,4055,1811.1,961.2,2772.3,1282.7,31.6
Ocean Pout,1989,7799,1313.9,7757.8,9071.6,-1272.6,-16.3
Ocean Pout,1990,10393,1312.2,4538.1,5850.3,4542.7,43.7
Ocean Pout,1991,6183,1424,2525.2,3949.2,2233.8,36.1
Ocean Pout,1992,2005,474.3,1014.4,1488.8,516.2,25.7
Ocean Pout,1993,1231,232.1,1233.7,1465.8,-234.8,-19.1
Ocean Pout,1994,805,196.4,1557,1753.4,-948.4,-117.8
Ocean Pout,1995,593,65.4,441,506.4,86.6,14.6
Ocean Pout,1996,589,51.2,860.2,911.4,-322.4,-54.7
Ocean Pout,1997,459,33.2,308.3,341.5,117.5,25.6
Ocean Pout,1998,313,17.5,204.8,222.3,90.7,29
Ocean Pout,1999,498,18.3,1150.9,1169.2,-671.2,-134.8
Ocean Pout,2000,338,18.7,1959.2,1977.9,-1639.9,-485.2
Ocean Pout,2001,461,17.6,545.8,563.4,-102.4,-22.2
Ocean Pout,2002,574,12.1,750.9,763.1,-189.1,-32.9
Ocean Pout,2003,438,25.6,802,827.6,-389.6,-89
Ocean Pout,2004,286,5.4,507.7,513.1,-227.1,-79.4
Ocean Pout,2005,201,3.6,505.8,509.4,-308.4,-153.4
Ocean Pout,2006,184,5.1,344.4,349.4,-165.4,-89.9
Ocean Pout,2007,167,3.5,437.2,440.7,-273.7,-163.9
Ocean Pout,2008,126,7.2,515.3,522.6,-396.6,-314.7
Ocean Pout,2009,168,3.2,472.4,475.5,-307.5,-183
Ocean Pout,2010,126,0.3,575.1,575.4,-449.4,-356.7
Ocean Pout,2011,77,0.4,386.6,387,-310,-402.6
Ocean Pout,2012,94,0,328.9,329,-235,-250
Ocean Pout,2013,68,0,94.6,94.7,-26.7,-39.2
Ocean Pout,2014,74,0.2,399,399.2,-325.2,-439.4
Ocean Pout,2015,63,0.1,281.3,281.4,-218.4,-346.6
Ocean Pout,2016,49,0.1,172.2,172.3,-123.3,-251.6
Ocean Pout,2017,42,0,91.6,91.6,-49.6,-118.1
Ocean Pout,2018,41,0.1,82.9,83,-42,-102.5
Ocean Pout,2019,79,0,1042.5,1042.5,-963.5,-1219.7
Ocean Pout,2020,18,0,292.8,292.8,-274.8,-1526.5
Ocean Pout,2021,61,0,63.2,63.2,-2.2,-3.6
Ocean Pout,2022,NA,0,65.1,65.1,NA,NA
Ocean Pout,2023,NA,0,160.6,160.6,NA,NA
Ocean Pout,2024,NA,0.1,451.5,451.5,NA,NA
Ocean Pout,2025,NA,0,108.4,108.4,NA,NA
Pollock,1985,23737,76095.1,777.6,76872.7,-53135.7,-223.9
Pollock,1986,25900,74419.7,800.2,75220,-49320,-190.4
Pollock,1987,20805,77955.2,844.2,78799.4,-57994.4,-278.8
Pollock,1988,16022,68830.2,826.7,69656.8,-53634.8,-334.8
Pollock,1989,12423,60812.8,2067.2,62880,-50457,-406.2
Pollock,1990,10214,57932.6,2344.5,60277.1,-50063.1,-490.1
Pollock,1991,8611,63267.9,1522.3,64790.1,-56179.1,-652.4
Pollock,1992,8114,56028.2,2211.4,58239.6,-50125.6,-617.8
Pollock,1993,6195,42038,1989.8,44027.7,-37832.7,-610.7
Pollock,1994,4696,30066.4,664.5,30730.9,-26034.9,-554.4
Pollock,1995,4596,19564.2,335.1,19899.4,-15303.4,-333
Pollock,1996,3910,18402,291.9,18693.9,-14783.9,-378.1
Pollock,1997,5229,26158.3,209.6,26367.9,-21138.9,-404.3
Pollock,1998,7243,30866.2,422.4,31288.6,-24045.6,-332
Pollock,1999,6090,16309.6,847.3,17156.8,-11066.8,-181.7
Pollock,2000,5182,14408.9,437.4,14846.3,-9664.3,-186.5
Pollock,2001,6177,15910.8,249.6,16160.4,-9983.4,-161.6
Pollock,2002,5483,17523.1,281,17804.1,-12321.1,-224.7
Pollock,2003,6074,18141.9,125.8,18267.7,-12193.7,-200.8
Pollock,2004,6986,21437.7,295.5,21733.2,-14747.2,-211.1
Pollock,2005,7455,21215.2,380.7,21595.8,-14140.8,-189.7
Pollock,2006,7280,13624.3,196.5,13820.8,-6540.8,-89.8
Pollock,2007,9673,18523.3,248.9,18772.3,-9099.3,-94.1
Pollock,2008,15569,18517.3,617.3,19134.6,-3565.6,-22.9
Pollock,2009,9855,16325.1,789.6,17114.7,-7259.7,-73.7
Pollock,2010,10858,13981.2,368.1,14349.3,-3491.3,-32.2
Pollock,2011,13764,17301,895.1,18196,-4432,-32.2
Pollock,2012,10356,17107.8,634.5,17742.3,-7386.3,-71.3
Pollock,2013,13384,5057.8,531.5,5589.3,7794.7,58.2
Pollock,2014,8613,10070.9,490.3,10561.2,-1948.2,-22.6
Pollock,2015,6138,10434,543.7,10977.8,-4839.8,-78.8
Pollock,2016,5226,9028.1,272.7,9300.8,-4074.8,-78
Pollock,2017,6597,8749.4,114.7,8864.1,-2267.1,-34.4
Pollock,2018,4772,9718.2,166,9884.3,-5112.3,-107.1
Pollock,2019,4265,8841,378,9219,-4954,-116.2
Pollock,2020,5231,3524.5,299.5,3823.9,1407.1,26.9
Pollock,2021,4522,3364.1,155.5,3519.7,1002.3,22.2
Pollock,2022,NA,3330.1,217.3,3547.3,NA,NA
Pollock,2023,NA,3402.4,247.5,3649.9,NA,NA
Pollock,2024,NA,2760.3,250.6,3010.9,NA,NA
Pollock,2025,NA,2395.3,206.5,2601.8,NA,NA
Red Hake,1985,6073,1802.5,11858.4,13661,-7588,-124.9
Red Hake,1986,6951,2157.4,11389.9,13547.3,-6596.3,-94.9
Red Hake,1987,6768,1960.4,10785.3,12745.6,-5977.6,-88.3
Red Hake,1988,6710,1794.6,10766.2,12560.8,-5850.8,-87.2
Red Hake,1989,10543,1775.4,42080.2,43855.6,-33312.6,-316
Red Hake,1990,8020,1640.1,14350.4,15990.6,-7970.6,-99.4
Red Hake,1991,5356,1734.1,16250.9,17985,-12629,-235.8
Red Hake,1992,9817,2346.8,12732.3,15079.1,-5262.1,-53.6
Red Hake,1993,19165,1756.5,27301.8,29058.4,-9893.4,-51.6
Red Hake,1994,5754,1707.2,2453.1,4160.3,1593.7,27.7
Red Hake,1995,3103,1607.5,9253.4,10860.9,-7757.9,-250
Red Hake,1996,2298,1120.1,1996.8,3116.9,-818.9,-35.6
Red Hake,1997,3970,1415,11855.2,13270.2,-9300.2,-234.3
Red Hake,1998,6865,1327,45505.2,46832.3,-39967.3,-582.2
Red Hake,1999,6682,1615.2,4183.2,5798.4,883.6,13.2
Red Hake,2000,7121,1665.2,9214.4,10879.6,-3758.6,-52.8
Red Hake,2001,4301,1814.1,2533.1,4347.2,-46.2,-1.1
Red Hake,2002,1350,983.5,1187.4,2170.9,-820.9,-60.8
Red Hake,2003,1267,832.3,1997.2,2829.5,-1562.5,-123.3
Red Hake,2004,1409,700.4,1489.4,2189.8,-780.8,-55.4
Red Hake,2005,1628,443.6,1566.5,2010.2,-382.2,-23.5
Red Hake,2006,1369,462.5,2492.9,2955.4,-1586.4,-115.9
Red Hake,2007,1975,569.8,7936.6,8506.4,-6531.4,-330.7
Red Hake,2008,1640,724.9,2418.2,3143.2,-1503.2,-91.7
Red Hake,2009,2112,705.3,2731.6,3436.8,-1324.8,-62.7
Red Hake,2010,1824,663.4,2601.9,3265.3,-1441.3,-79
Red Hake,2011,1927,626.6,3497.3,4124,-2197,-114
Red Hake,2012,1905,848.1,3990.9,4839,-2934,-154
Red Hake,2013,1410,517.2,4687.9,5205.1,-3795.1,-269.2
Red Hake,2014,1497,623.4,2412.5,3036,-1539,-102.8
Red Hake,2015,1681,496.8,4006.3,4503.1,-2822.1,-167.9
Red Hake,2016,2014,566.4,4503.2,5069.6,-3055.6,-151.7
Red Hake,2017,1092,527.6,2232,2759.6,-1667.6,-152.7
Red Hake,2018,2112,700,1365.3,2065.3,46.7,2.2
Red Hake,2019,2263,556.1,8854.4,9410.4,-7147.4,-315.8
Red Hake,2020,2829,341.3,905.5,1246.8,1582.2,55.9
Red Hake,2021,2255,236.7,1351.9,1588.6,666.4,29.6
Red Hake,2022,1399,177.2,1689,1866.1,-467.1,-33.4
Red Hake,2023,NA,210.1,581.6,791.7,NA,NA
Red Hake,2024,NA,245.6,1813.7,2059.3,NA,NA
Red Hake,2025,NA,202.2,13832.9,14035.2,NA,NA
Rosette Skate,1985,10,0,107.4,107.4,-97.4,-974.1
Rosette Skate,1986,38,0,99,99,-61,-160.6
Rosette Skate,1987,842,0,92.2,92.2,749.8,89.1
Rosette Skate,1988,1848,0,92.8,92.8,1755.2,95
Rosette Skate,1989,193,0,88,88,105,54.4
Rosette Skate,1990,387,0,101.7,101.7,285.3,73.7
Rosette Skate,1991,89,0,105.4,105.4,-16.4,-18.4
Rosette Skate,1992,1343,0,107.2,107.2,1235.8,92
Rosette Skate,1993,346,0,93.4,93.4,252.6,73
Rosette Skate,1994,25,0,35.2,35.2,-10.2,-40.8
Rosette Skate,1995,204,0,229.1,229.1,-25.1,-12.3
Rosette Skate,1996,115,0,13.3,13.3,101.7,88.4
Rosette Skate,1997,37,0,27.8,27.8,9.2,24.9
Rosette Skate,1998,86,0,21.7,21.7,64.3,74.8
Rosette Skate,1999,37,0,19.9,19.9,17.1,46.3
Rosette Skate,2000,136,0,350.1,350.1,-214.1,-157.4
Rosette Skate,2001,37,0,43,43,-6,-16.1
Rosette Skate,2002,57,0,31.9,31.9,25.1,44
Rosette Skate,2003,23,0,175.6,175.6,-152.6,-663.5
Rosette Skate,2004,56,2.7,75.8,78.5,-22.5,-40.2
Rosette Skate,2005,114,22.5,56.3,78.8,35.2,30.9
Rosette Skate,2006,31,23,68,91,-60,-193.5
Rosette Skate,2007,90,29.9,16.3,46.2,43.8,48.7
Rosette Skate,2008,82,14.4,122.5,136.9,-54.9,-67
Rosette Skate,2009,37,0.7,19.9,20.6,16.4,44.3
Rosette Skate,2010,9,0.1,42.9,43,-34,-377.4
Rosette Skate,2011,20,22.5,47.2,69.7,-49.7,-248.3
Rosette Skate,2012,34,16.2,59.8,76,-42,-123.5
Rosette Skate,2013,46,7.7,26.3,34,12,26.1
Rosette Skate,2014,42,12.3,45.3,57.6,-15.6,-37.1
Rosette Skate,2015,36,0,48.3,48.3,-12.3,-34.3
Rosette Skate,2016,45,0,37.4,37.4,7.6,16.9
Rosette Skate,2017,21,0,16.5,16.5,4.5,21.2
Rosette Skate,2018,37,0.2,27.6,27.8,9.2,24.7
Rosette Skate,2019,36,0,19.9,19.9,16.1,44.7
Rosette Skate,2020,35,0,100.6,100.6,-65.6,-187.5
Rosette Skate,2021,96,0,53.2,53.2,42.8,44.6
Rosette Skate,2022,54,0,48.1,48.1,5.9,10.8
Rosette Skate,2023,NA,0,69.4,69.4,NA,NA
Rosette Skate,2024,NA,0,98.7,98.7,NA,NA
Rosette Skate,2025,NA,0,16.8,16.8,NA,NA
Scup,1985,14989,5547.2,4615.1,10162.2,4826.8,32.2
Scup,1986,16965,6968.4,4342.7,11311,5654,33.3
Scup,1987,13902,5866,4047,9913,3989,28.7
Scup,1988,11882,5557.1,4064.6,9621.8,2260.2,19
Scup,1989,10097,3962.9,5410.7,9373.6,723.4,7.2
Scup,1990,10350,4489.7,5173.3,9663,687,6.6
Scup,1991,16401,7011.2,15664.4,22675.6,-6274.6,-38.3
Scup,1992,12496,6132,13389.5,19521.5,-7025.5,-56.2
Scup,1993,8368,4671.9,4224.2,8896,-528,-6.3
Scup,1994,7348,4252.7,1136.3,5389,1959,26.7
Scup,1995,5114,3062.1,4393.4,7455.5,-2341.5,-45.8
Scup,1996,5874,2918,1353.9,4271.9,1602.1,27.3
Scup,1997,4053,2187.6,1305.4,3493.1,559.9,13.8
Scup,1998,3485,1895.9,10300,12196,-8711,-250
Scup,1999,4390,1505.1,2205.1,3710.2,679.8,15.5
Scup,2000,7216,1206.8,1471.7,2678.4,4537.6,62.9
Scup,2001,8251,1845,6066.6,7911.6,339.4,4.1
Scup,2002,7710,3303,2384.3,5687.3,2022.7,26.2
Scup,2003,13109,4487.2,1789.4,6276.6,6832.4,52.1
Scup,2004,11972,4226.2,2544.6,6770.8,5201.2,43.4
Scup,2005,6637,4265.6,439.4,4705,1932,29.1
Scup,2006,8304,4061.9,1361.3,5423.2,2880.8,34.7
Scup,2007,9184,4194.2,592.9,4787.1,4396.9,47.9
Scup,2008,7845,2352.6,274.5,2627.1,5217.9,66.5
Scup,2009,10308,3721.4,2126.6,5848,4460,43.3
Scup,2010,13952,4716.7,993.8,5710.5,8241.5,59.1
Scup,2011,13253,6818.4,1911.5,8729.9,4523.1,34.1
Scup,2012,12139,6751.3,1550.9,8302.3,3836.7,31.6
Scup,2013,15762,8107.5,1004.2,9111.7,6650.3,42.2
Scup,2014,13359,7241.2,702.4,7943.6,5415.4,40.5
Scup,2015,15550,7724.7,1051.2,8775.9,6774.1,43.6
Scup,2016,15322,7146.7,2888,10034.7,5287.3,34.5
Scup,2017,18961,7006.2,3852.6,10858.9,8102.1,42.7
Scup,2018,15888,6063.8,2047,8110.8,7777.2,48.9
Scup,2019,15994,6252.2,4312.6,10564.8,5429.2,33.9
Scup,2020,15192,6213.2,1961.2,8174.4,7017.6,46.2
Scup,2021,16032,5969.7,2550.6,8520.3,7511.7,46.9
Scup,2022,16291,5518.1,4944.4,10462.5,5828.5,35.8
Scup,2023,NA,5907.2,5305.1,11212.2,NA,NA
Scup,2024,NA,6570,3179.9,9749.9,NA,NA
Scup,2025,NA,6474.2,1197.9,7672.1,NA,NA
Sea Scallop,1985,6677,16184.4,2526,18710.4,-12033.4,-180.2
Sea Scallop,1986,8631,18812.3,2458.7,21271,-12640,-146.4
Sea Scallop,1987,14109,28571.3,3085.5,31656.8,-17547.8,-124.4
Sea Scallop,1988,13666,28318.3,3290.8,31609.1,-17943.1,-131.3
Sea Scallop,1989,14876,33632.7,5131.4,38764.1,-23888.1,-160.6
Sea Scallop,1990,17587,34326,3582.3,37908.3,-20321.3,-115.5
Sea Scallop,1991,17288,33812.8,974.5,34787.3,-17499.3,-101.2
Sea Scallop,1992,14221,32334.4,2570.6,34905,-20684,-145.4
Sea Scallop,1993,7327,26150.9,1533.1,27684.1,-20357.1,-277.8
Sea Scallop,1994,7599,26157.9,3849.7,30007.6,-22408.6,-294.9
Sea Scallop,1995,7992,20279,2219.1,22498.1,-14506.1,-181.5
Sea Scallop,1996,7886,17494.8,774.5,18269.3,-10383.3,-131.7
Sea Scallop,1997,6233,17405.2,560.3,17965.5,-11732.5,-188.2
Sea Scallop,1998,5564,16974.6,1077.6,18052.2,-12488.2,-224.4
Sea Scallop,1999,10118,21365.2,1827.7,23192.9,-13074.9,-129.2
Sea Scallop,2000,14621,33006.4,7266.3,40272.8,-25651.8,-175.4
Sea Scallop,2001,21054,41078.6,12548.1,53626.7,-32572.7,-154.7
Sea Scallop,2002,23891,45750.6,5487.1,51237.7,-27346.7,-114.5
Sea Scallop,2003,25417,34101.9,3790.3,37892.2,-12475.2,-49.1
Sea Scallop,2004,28997,46487.6,8671.8,55159.4,-26162.4,-90.2
Sea Scallop,2005,25693,36987.5,3940,40927.5,-15234.5,-59.3
Sea Scallop,2006,26732,40610,5399,46009.1,-19277.1,-72.1
Sea Scallop,2007,26593,41203.9,1485.3,42689.3,-16096.3,-60.5
Sea Scallop,2008,24273,28039.7,3649,31688.6,-7415.6,-30.6
Sea Scallop,2009,26129,29016.1,2944.5,31960.6,-5831.6,-22.3
Sea Scallop,2010,25927,39627.7,2943.4,42571.1,-16644.1,-64.2
Sea Scallop,2011,26653,40212.8,2044.8,42257.6,-15604.6,-58.5
Sea Scallop,2012,25915,37779.8,2228.3,40008.1,-14093.1,-54.4
Sea Scallop,2013,18664,18663.4,717.7,19381.1,-717.1,-3.8
Sea Scallop,2014,15343,15347.8,484.9,15832.7,-489.7,-3.2
Sea Scallop,2015,16207,16206.7,1019.1,17225.9,-1018.9,-6.3
Sea Scallop,2016,18439,18439.8,2925.7,21365.5,-2926.5,-15.9
Sea Scallop,2017,23458,23463.9,1838.3,25302.2,-1844.2,-7.9
Sea Scallop,2018,26443,26443.1,1621.9,28065,-1622,-6.1
Sea Scallop,2019,27647,27649.5,2022.6,29672,-2025,-7.3
Sea Scallop,2020,NA,22228.7,1668.1,23896.7,NA,NA
Sea Scallop,2021,NA,19694.8,1870.8,21565.6,NA,NA
Sea Scallop,2022,NA,14459.5,1722.1,16181.7,NA,NA
Sea Scallop,2023,NA,12710.1,990.1,13700.2,NA,NA
Sea Scallop,2024,NA,9627,757.1,10384.1,NA,NA
Sea Scallop,2025,NA,9666.7,718,10384.7,NA,NA
Smooth Skate,1985,388,0,1195.5,1195.5,-807.5,-208.1
Smooth Skate,1986,546,0,1059,1059,-513,-94
Smooth Skate,1987,365,0,1048.5,1048.5,-683.5,-187.2
Smooth Skate,1988,929,0,1091.8,1091.8,-162.8,-17.5
Smooth Skate,1989,523,0,887.9,887.9,-364.9,-69.8
Smooth Skate,1990,775,0,957,957,-182,-23.5
Smooth Skate,1991,632,0,1230.3,1230.3,-598.3,-94.7
Smooth Skate,1992,344,0,1087.6,1087.6,-743.6,-216.2
Smooth Skate,1993,647,0,1015,1015,-368,-56.9
Smooth Skate,1994,449,0,2274.4,2274.4,-1825.4,-406.5
Smooth Skate,1995,290,0,545.5,545.5,-255.5,-88.1
Smooth Skate,1996,241,0,599.2,599.2,-358.2,-148.6
Smooth Skate,1997,379,0,908.2,908.2,-529.2,-139.6
Smooth Skate,1998,314,0,888,888,-574,-182.8
Smooth Skate,1999,183,0,782.2,782.2,-599.2,-327.5
Smooth Skate,2000,200,0,86.8,86.8,113.2,56.6
Smooth Skate,2001,245,0,50.4,50.4,194.6,79.4
Smooth Skate,2002,309,0,351,351,-42,-13.6
Smooth Skate,2003,330,0.1,354.3,354.4,-24.4,-7.4
Smooth Skate,2004,686,928.2,554.3,1482.4,-796.4,-116.1
Smooth Skate,2005,890,1.6,415.5,417.1,472.9,53.1
Smooth Skate,2006,609,32.5,469.8,502.3,106.7,17.5
Smooth Skate,2007,356,26.8,403.1,429.9,-73.9,-20.8
Smooth Skate,2008,374,7.4,1266.6,1274,-900,-240.6
Smooth Skate,2009,329,9.5,637.9,647.4,-318.4,-96.8
Smooth Skate,2010,224,1.2,1046.4,1047.6,-823.6,-367.7
Smooth Skate,2011,388,111.5,1001.3,1112.8,-724.8,-186.8
Smooth Skate,2012,481,20,1251.2,1271.1,-790.1,-164.3
Smooth Skate,2013,324,8.2,358.3,366.6,-42.6,-13.1
Smooth Skate,2014,259,122.5,895.3,1017.7,-758.7,-292.9
Smooth Skate,2015,318,37.5,985.5,1023.1,-705.1,-221.7
Smooth Skate,2016,426,77.7,1460.2,1537.9,-1111.9,-261
Smooth Skate,2017,471,131.2,793.1,924.3,-453.3,-96.2
Smooth Skate,2018,545,143.3,574,717.3,-172.3,-31.6
Smooth Skate,2019,462,218.5,1186.1,1404.6,-942.6,-204
Smooth Skate,2020,414,164.9,551.2,716.1,-302.1,-73
Smooth Skate,2021,470,247.1,338.6,585.7,-115.7,-24.6
Smooth Skate,2022,185,156.5,214.6,371.2,-186.2,-100.6
Smooth Skate,2023,NA,714.1,242.5,956.5,NA,NA
Smooth Skate,2024,NA,174,246.8,420.9,NA,NA
Smooth Skate,2025,NA,104.2,157.4,261.6,NA,NA
Thorny Skate,1985,4326,0,1744.5,1744.5,2581.5,59.7
Thorny Skate,1986,3142,0,1571.7,1571.7,1570.3,50
Thorny Skate,1987,3248,0,1570.1,1570.1,1677.9,51.7
Thorny Skate,1988,4176,0,1616.4,1616.4,2559.6,61.3
Thorny Skate,1989,3009,0,1394.7,1394.7,1614.3,53.6
Thorny Skate,1990,4660,0,1536.3,1536.3,3123.7,67
Thorny Skate,1991,4370,0,1838.4,1838.4,2531.6,57.9
Thorny Skate,1992,2476,0,1702,1702,774,31.3
Thorny Skate,1993,3717,0,1557.6,1557.6,2159.4,58.1
Thorny Skate,1994,3364,0,317.1,317.1,3046.9,90.6
Thorny Skate,1995,1073,0,191.7,191.7,881.3,82.1
Thorny Skate,1996,2226,0,199.6,199.6,2026.4,91
Thorny Skate,1997,1396,0,620.3,620.3,775.7,55.6
Thorny Skate,1998,2064,0,1214.6,1214.6,849.4,41.2
Thorny Skate,1999,685,0,2114.7,2114.7,-1429.7,-208.7
Thorny Skate,2000,1406,0,1011.4,1011.4,394.6,28.1
Thorny Skate,2001,772,0,914.7,914.7,-142.7,-18.5
Thorny Skate,2002,1150,0,1901.3,1901.3,-751.3,-65.3
Thorny Skate,2003,1074,0,2738.5,2738.5,-1664.5,-155
Thorny Skate,2004,785,95.6,1449.6,1545.2,-760.2,-96.8
Thorny Skate,2005,643,127.7,1146.7,1274.4,-631.4,-98.2
Thorny Skate,2006,530,137.4,847.7,985.1,-455.1,-85.9
Thorny Skate,2007,498,124.9,827.6,952.5,-454.5,-91.3
Thorny Skate,2008,117,0.8,811.2,812,-695,-594
Thorny Skate,2009,184,0.9,928.5,929.4,-745.4,-405.1
Thorny Skate,2010,258,19.2,1854.6,1873.8,-1615.8,-626.3
Thorny Skate,2011,255,0.5,1546.2,1546.8,-1291.8,-506.6
Thorny Skate,2012,147,0.2,2038.3,2038.5,-1891.5,-1286.7
Thorny Skate,2013,229,48.7,556.3,604.9,-375.9,-164.2
Thorny Skate,2014,204,4.9,1079.7,1084.6,-880.6,-431.7
Thorny Skate,2015,206,280.7,951.7,1232.5,-1026.5,-498.3
Thorny Skate,2016,152,9.9,993.8,1003.7,-851.7,-560.4
Thorny Skate,2017,125,0,730,730.1,-605.1,-484
Thorny Skate,2018,230,2.3,1014.6,1016.8,-786.8,-342.1
Thorny Skate,2019,182,0.1,1202,1202.1,-1020.1,-560.5
Thorny Skate,2020,134,0,739.6,739.6,-605.6,-451.9
Thorny Skate,2021,180,0,486.5,486.5,-306.5,-170.3
Thorny Skate,2022,126,11.5,397.7,409.2,-283.2,-224.8
Thorny Skate,2023,NA,9.3,517.5,526.8,NA,NA
Thorny Skate,2024,NA,0.8,407.2,408,NA,NA
Thorny Skate,2025,NA,14,387.6,401.6,NA,NA
White Hake,1985,7370,14438.8,1132.6,15571.4,-8201.4,-111.3
White Hake,1986,6390,16696.7,1122.5,17819.2,-11429.2,-178.9
White Hake,1987,5828,16829.6,1127.8,17957.4,-12129.4,-208.1
White Hake,1988,4786,13805.1,1156,14961.1,-10175.1,-212.6
White Hake,1989,4554,12486.7,8865.2,21351.9,-16797.9,-368.9
White Hake,1990,4931,13212.7,4274.5,17487.2,-12556.2,-254.6
White Hake,1991,5607,12405.3,12412.6,24817.9,-19210.9,-342.6
White Hake,1992,8444,17617.6,3253.5,20871.1,-12427.1,-147.2
White Hake,1993,7466,18111.6,2952.2,21063.7,-13597.7,-182.1
White Hake,1994,4737,13139.1,657.8,13797,-9060,-191.3
White Hake,1995,4324,13776,397.2,14173.2,-9849.2,-227.8
White Hake,1996,3281,9631.2,431.7,10062.9,-6781.9,-206.7
White Hake,1997,2223,8189,419.4,8608.5,-6385.5,-287.2
White Hake,1998,2366,5664,652.8,6316.7,-3950.7,-167
White Hake,1999,2621,5724.8,1326,7050.8,-4429.8,-169
White Hake,2000,2984,7190,579.7,7769.7,-4785.7,-160.4
White Hake,2001,3482,7625.5,1173,8798.5,-5316.5,-152.7
White Hake,2002,3266,7842,994.4,8836.4,-5570.4,-170.6
White Hake,2003,4435,7696.5,753.3,8449.8,-4014.8,-90.5
White Hake,2004,3511,6784.5,1047.7,7832.2,-4321.2,-123.1
White Hake,2005,2670,6326.3,1076.9,7403.2,-4733.2,-177.3
White Hake,2006,1700,4144.4,714.6,4859.1,-3159.1,-185.8
White Hake,2007,1529,3398.6,107.8,3506.5,-1977.5,-129.3
White Hake,2008,1333,3726.8,1499.8,5226.5,-3893.5,-292.1
White Hake,2009,1696,3728.6,700.7,4429.3,-2733.3,-161.2
White Hake,2010,1808,4647.6,1014.9,5662.4,-3854.4,-213.2
White Hake,2011,2897,6003.3,1287.7,7291,-4394,-151.7
White Hake,2012,2770,5402,764,6165.9,-3395.9,-122.6
White Hake,2013,2235,2234.8,1645.3,3880.1,-1645.1,-73.6
White Hake,2014,1906,2883.6,538.7,3422.3,-1516.3,-79.6
White Hake,2015,1641,2191.3,283.1,2474.5,-833.5,-50.8
White Hake,2016,1369,2269.3,820.2,3089.5,-1720.5,-125.7
White Hake,2017,2024,3101.8,146.6,3248.4,-1224.4,-60.5
White Hake,2018,2009,2875.3,50.2,2925.5,-916.5,-45.6
White Hake,2019,1976,2770.1,68.4,2838.4,-862.4,-43.6
White Hake,2020,1990,1990.7,187.7,2178.5,-188.5,-9.5
White Hake,2021,1869,1867.4,221.2,2088.6,-219.6,-11.7
White Hake,2022,NA,1610.4,131.1,1741.5,NA,NA
White Hake,2023,NA,1955.2,138,2093.3,NA,NA
White Hake,2024,NA,1661.6,73.4,1735.1,NA,NA
White Hake,2025,NA,1721.8,636.5,2358.4,NA,NA
Winter Flounder,1985,24460,11374.9,1149.1,12524.1,11935.9,48.8
Winter Flounder,1986,15851,9735.9,1078.6,10814.6,5036.4,31.8
Winter Flounder,1987,16702,10391.2,1050.2,11441.5,5260.5,31.5
Winter Flounder,1988,16363,11014.5,1063.7,12078.2,4284.8,26.2
Winter Flounder,1989,14020,9581.9,1131.7,10713.5,3306.5,23.6
Winter Flounder,1990,11523,10858.6,1281.9,12140.4,-617.4,-5.4
Winter Flounder,1991,11494,8845.3,1024.8,9870.1,1623.9,14.1
Winter Flounder,1992,8608,7651.6,683.4,8335,273,3.2
Winter Flounder,1993,7751,6017.7,6392.7,12410.4,-4659.4,-60.1
Winter Flounder,1994,5591,4777,1946.9,6723.9,-1132.9,-20.3
Winter Flounder,1995,5718,5985.2,2329.1,8314.4,-2596.4,-45.4
Winter Flounder,1996,7331,6770.1,343,7113.1,217.9,3
Winter Flounder,1997,7683,7161.4,451.3,7612.7,70.3,0.9
Winter Flounder,1998,7252,6305,1037.6,7342.6,-90.6,-1.2
Winter Flounder,1999,6722,5841.1,463.3,6304.4,417.6,6.2
Winter Flounder,2000,8628,7356.6,329.1,7685.6,942.4,10.9
Winter Flounder,2001,9113,9070.4,529.1,9599.5,-486.5,-5.3
Winter Flounder,2002,7178,7669.5,433.2,8102.7,-924.7,-12.9
Winter Flounder,2003,7387,7511.9,554.1,8066,-679,-9.2
Winter Flounder,2004,5923,7047.4,429.7,7477.2,-1554.2,-26.2
Winter Flounder,2005,4383,5128.9,450.3,5579.2,-1196.2,-27.3
Winter Flounder,2006,3739,4470.2,308.1,4778.2,-1039.2,-27.8
Winter Flounder,2007,3351,4778.3,376,5154.3,-1803.3,-53.8
Winter Flounder,2008,2975,4127,1024,5151,-2176,-73.1
Winter Flounder,2009,3063,3824.6,761.8,4586.4,-1523.4,-49.7
Winter Flounder,2010,2260,4253.3,1413.7,5667,-3407,-150.8
Winter Flounder,2011,3078,4744.2,944.3,5688.5,-2610.5,-84.8
Winter Flounder,2012,3375,4047.2,1233,5280.2,-1905.2,-56.4
Winter Flounder,2013,3134,2750.5,353.7,3104.2,29.8,1
Winter Flounder,2014,2360,5063.5,176,5239.6,-2879.6,-122
Winter Flounder,2015,1998,4442.3,136.2,4578.5,-2580.5,-129.2
Winter Flounder,2016,1440,2958.4,258.3,3216.6,-1776.6,-123.4
Winter Flounder,2017,1407,2138.7,322.6,2461.3,-1054.3,-74.9
Winter Flounder,2018,1191,1832,189,2021,-830,-69.7
Winter Flounder,2019,821,1554.5,457.4,2011.9,-1190.9,-145.1
Winter Flounder,2020,710,493.4,222.8,716.2,-6.2,-0.9
Winter Flounder,2021,667,451.2,452.9,904.1,-237.1,-35.5
Winter Flounder,2022,NA,315.6,238.4,554,NA,NA
Winter Flounder,2023,NA,374.1,403.1,777.2,NA,NA
Winter Flounder,2024,NA,863.2,344.7,1207.9,NA,NA
Winter Flounder,2025,NA,668.2,212,880.2,NA,NA
Winter Skate,1985,7024,401.4,20430.3,20831.7,-13807.7,-196.6
Winter Skate,1986,9301,541.1,18167.6,18708.7,-9407.7,-101.1
Winter Skate,1987,9726,737.4,17927.7,18665.1,-8939.1,-91.9
Winter Skate,1988,11282,1345.3,18556.9,19902.1,-8620.1,-76.4
Winter Skate,1989,13056,3690.2,12650,16340.2,-3284.2,-25.2
Winter Skate,1990,19136,5956.8,17120.9,23077.7,-3941.7,-20.6
Winter Skate,1991,14149,5468.9,20673.2,26142.1,-11993.1,-84.8
Winter Skate,1992,14997,5963.7,19072,25035.6,-10038.6,-66.9
Winter Skate,1993,8158,4265.3,15100.9,19366.2,-11208.2,-137.4
Winter Skate,1994,9511,3963,22304.5,26267.5,-16756.5,-176.2
Winter Skate,1995,6589,2923,4173.3,7096.4,-507.4,-7.7
Winter Skate,1996,11516,7227.6,850.9,8078.5,3437.5,29.8
Winter Skate,1997,6924,3177.5,1305.2,4482.7,2441.3,35.3
Winter Skate,1998,9662,5150.6,1712.5,6863.2,2798.8,29
Winter Skate,1999,8283,4126.3,1930.9,6057.3,2225.7,26.9
Winter Skate,2000,9121,4727.1,6502.1,11229.2,-2108.2,-23.1
Winter Skate,2001,8619,6005.6,16176.8,22182.5,-13563.5,-157.4
Winter Skate,2002,9402,5997.2,20738,26735.2,-17333.2,-184.4
Winter Skate,2003,11382,5613.3,42129.9,47743.2,-36361.2,-319.5
Winter Skate,2004,14839,7690.6,10599.4,18289.9,-3450.9,-23.3
Winter Skate,2005,11796,6189.8,15139.7,21329.5,-9533.5,-80.8
Winter Skate,2006,12593,7357.7,11861,19218.7,-6625.7,-52.6
Winter Skate,2007,16293,9493.7,23830.9,33324.7,-17031.7,-104.5
Winter Skate,2008,15576,9117.6,17945,27062.7,-11486.7,-73.7
Winter Skate,2009,15466,9148.9,29095.3,38244.1,-22778.1,-147.3
Winter Skate,2010,15698,8749,46336.8,55085.9,-39387.9,-250.9
Winter Skate,2011,13599,8174.6,29975.5,38150.1,-24551.1,-180.5
Winter Skate,2012,13333,7731.1,20826.7,28557.8,-15224.8,-114.2
Winter Skate,2013,11567,5586,6101,11687,-120,-1
Winter Skate,2014,12817,9118.1,11863.2,20981.3,-8164.3,-63.7
Winter Skate,2015,11394,9483.2,20676.7,30159.9,-18765.9,-164.7
Winter Skate,2016,11464,9179.5,14544.4,23723.9,-12259.9,-106.9
Winter Skate,2017,10593,8810.2,12899,21709.3,-11116.3,-104.9
Winter Skate,2018,10399,8714.1,11760.8,20475,-10076,-96.9
Winter Skate,2019,9789,8164.7,6170.2,14334.9,-4545.9,-46.4
Winter Skate,2020,11517,9996.2,4198.6,14194.8,-2677.8,-23.3
Winter Skate,2021,7147,5551.2,5580.5,11131.6,-3984.6,-55.8
Winter Skate,2022,7040,6014.8,4219.4,10234.2,-3194.2,-45.4
Winter Skate,2023,NA,6347.8,3999.5,10347.4,NA,NA
Winter Skate,2024,NA,7787.5,3859.5,11647,NA,NA
Winter Skate,2025,NA,8391.1,4766.2,13157.3,NA,NA
Yellowtail Flounder,1985,8663,10492.9,1285.2,11778.2,-3115.2,-36
Yellowtail Flounder,1986,9252,10590.7,1166.9,11757.6,-2505.6,-27.1
Yellowtail Flounder,1987,7251,7707.6,1137,8844.6,-1593.6,-22
Yellowtail Flounder,1988,6530,5209.3,1162.7,6372,158,2.4
Yellowtail Flounder,1989,11111,5748.2,4137,9885.2,1225.8,11
Yellowtail Flounder,1990,25946,14571.1,9692.2,24263.3,1682.7,6.5
Yellowtail Flounder,1991,10711,8111.6,1591.5,9703.1,1007.9,9.4
Yellowtail Flounder,1992,9173,5925,685.4,6610.4,2562.6,27.9
Yellowtail Flounder,1993,4881,4045.1,1182.6,5227.7,-346.7,-7.1
Yellowtail Flounder,1994,3666,5946.8,746.5,6693.3,-3027.3,-82.6
Yellowtail Flounder,1995,2261,2989.9,286.9,3276.8,-1015.8,-44.9
Yellowtail Flounder,1996,3110,3540.6,424.8,3965.4,-855.4,-27.5
Yellowtail Flounder,1997,4123,4535.5,591.6,5127.1,-1004.1,-24.4
Yellowtail Flounder,1998,4809,6019.6,787,6806.6,-1997.6,-41.5
Yellowtail Flounder,1999,5250,8526,622.8,9148.7,-3898.7,-74.3
Yellowtail Flounder,2000,8051,12690.3,1272.1,13962.4,-5911.4,-73.4
Yellowtail Flounder,2001,7760,13133.3,583.4,13716.7,-5956.7,-76.8
Yellowtail Flounder,2002,5631,10631.2,376.9,11008.1,-5377.1,-95.5
Yellowtail Flounder,2003,6282,5593.6,498.1,6091.6,190.4,3
Yellowtail Flounder,2004,8102,7471.3,813.7,8284.9,-182.9,-2.3
Yellowtail Flounder,2005,4918,4215.7,1201.9,5417.6,-499.6,-10.2
Yellowtail Flounder,2006,2596,2007.1,824.4,2831.4,-235.4,-9.1
Yellowtail Flounder,2007,2686,1823.8,1184.5,3008.3,-322.3,-12
Yellowtail Flounder,2008,2628,1682.2,1949.2,3631.4,-1003.4,-38.2
Yellowtail Flounder,2009,2810,1634.4,1890.4,3524.8,-714.8,-25.4
Yellowtail Flounder,2010,1867,1384.8,1162.1,2546.9,-679.9,-36.4
Yellowtail Flounder,2011,2242,1877,619.4,2496.4,-254.4,-11.3
Yellowtail Flounder,2012,2286,2380.5,980.2,3360.7,-1074.7,-47
Yellowtail Flounder,2013,1501,2078.5,229.1,2307.5,-806.5,-53.7
Yellowtail Flounder,2014,1244,1776.5,156.1,1932.6,-688.6,-55.4
Yellowtail Flounder,2015,792,1199.8,151,1350.8,-558.8,-70.6
Yellowtail Flounder,2016,553,1359.3,111.1,1470.5,-917.5,-165.9
Yellowtail Flounder,2017,521,1179.2,161.1,1340.4,-819.4,-157.3
Yellowtail Flounder,2018,333,446.2,147.5,593.7,-260.7,-78.3
Yellowtail Flounder,2019,241,411.3,123.9,535.2,-294.2,-122.1
Yellowtail Flounder,2020,261,528.1,137,665,-404,-154.8
Yellowtail Flounder,2021,417,723.7,525.9,1249.6,-832.6,-199.7
Yellowtail Flounder,2022,11,227.4,70.3,297.7,-286.7,-2606.8
Yellowtail Flounder,2023,NA,286.3,125.5,411.8,NA,NA
Yellowtail Flounder,2024,NA,255.8,142.3,398.1,NA,NA
Yellowtail Flounder,2025,NA,183.4,62,245.4,NA,NA
